הדפים המובילים,קליקים,הופעות,שיעור קליקים,מקום
https://w-kosher.com/,12,97,12.37%,6.65
https://w-kosher.com/certificacao,1,30,3.33%,15.63
https://w-kosher.com/certificacao/,1,11,9.09%,5
https://w-kosher.com/solicitar-certificacao-he,1,9,11.11%,7.33
https://w-kosher.com/about/,1,5,20%,36
https://w-kosher.com/solicitar-certificacao-he.html,1,3,33.33%,4
https://w-kosher.com/empresas,0,53,0%,9.79
https://w-kosher.com/contacto,0,19,0%,10.37
https://w-kosher.com/sobre-nos,0,11,0%,13.73
https://w-kosher.com/certificacao.html,0,10,0%,2.7
https://w-kosher.com/empresas/,0,4,0%,7.5
https://w-kosher.com/contacto/,0,3,0%,5
https://w-kosher.com/politica-privacidade,0,2,0%,3
https://w-kosher.com/politica-de-privacidade/,0,2,0%,4.5
https://w-kosher.com/certificacaco/,0,2,0%,7.5
https://w-kosher.com/termos-uso,0,2,0%,9
https://w-kosher.com/termos-de-uso/,0,1,0%,9